CATEGORY,SUB_CATEGORY
ENTERTAINMENT,ARTS
ENTERTAINMENT,ARTS & CULTURE
ENTERTAINMENT,CULTURE & ARTS
ENTERTAINMENT,STYLE
ENTERTAINMENT,STYLE & BEAUTY
ENTERTAINMENT,ENTERTAINMENT
ENTERTAINMENT,COMEDY
ENTERTAINMENT,WEIRD NEWS
ENTERTAINMENT,SPORTS
ENTERTAINMENT,FOOD & DRINK
ENTERTAINMENT,TASTE
ENTERTAINMENT,HOME & LIVING
ENTERTAINMENT,WEDDINGS
NEWS,U.S. NEWS
NEWS,WORLD NEWS
NEWS,POLITICS
NEWS,CRIME
NEWS,BUSINESS
NEWS,MEDIA
NEWS,COLLEGE
NEWS,EDUCATION
NEWS,THE WORLDPOST
NEWS,WORLDPOST
SCIENCE,TECH
SCIENCE,SCIENCE
SCIENCE,ENVIRONMENT
SCIENCE,GREEN
SCIENCE,HEALTHY LIVING
SCIENCE,WELLNESS
LIFESTYLE,FIFTY
LIFESTYLE,MONEY
LIFESTYLE,PARENTS
LIFESTYLE,GOOD NEWS
LIFESTYLE,WOMEN
LIFESTYLE,TRAVEL
LIFESTYLE,RELIGION
LIFESTYLE,DIVORCE
LIFESTYLE,PARENTING
LIFESTYLE,LATINO VOICES
LIFESTYLE,QUEER VOICES
LIFESTYLE,BLACK VOICES
LIFESTYLE,IMPACT